{"cameraMode":{"drawMode":0,"name":"Shaded","section":"Shading Mode"},"sceneLighting":false,"audioPlay":false,"sceneViewState":{"m_AlwaysRefresh":false,"showFog":true,"showSkybox":false,"showFlares":true,"showImageEffects":true,"showParticleSystems":true,"showVisualEffectGraphs":true,"m_FxEnabled":true},"in2DMode":false,"pivot":{"x":8.833464622497559,"y":1.1160000562667847,"z":0.9441336393356323},"rotation":{"x":-0.0028553493320941927,"y":-0.6095519065856934,"z":-0.0021955296397209169,"w":0.7927398681640625},"size":1.299038052558899,"orthographic":false}