{"cameraMode":{"drawMode":0,"name":"Shaded","section":"Shading Mode"},"sceneLighting":false,"audioPlay":false,"sceneViewState":{"m_AlwaysRefresh":false,"showFog":true,"showSkybox":false,"showFlares":true,"showImageEffects":true,"showParticleSystems":true,"showVisualEffectGraphs":true,"m_FxEnabled":true},"in2DMode":false,"pivot":{"x":7.584251880645752,"y":1.1670000553131104,"z":3.6087658405303957},"rotation":{"x":-0.0028553493320941927,"y":-0.6095519065856934,"z":-0.0021955296397209169,"w":0.7927398681640625},"size":0.8757911324501038,"orthographic":false}