{"cameraMode":{"drawMode":0,"name":"Shaded","section":"Shading Mode"},"sceneLighting":false,"audioPlay":false,"sceneViewState":{"m_AlwaysRefresh":false,"showFog":true,"showSkybox":false,"showFlares":true,"showImageEffects":true,"showParticleSystems":true,"showVisualEffectGraphs":true,"m_FxEnabled":true},"in2DMode":false,"pivot":{"x":7.9159650802612309,"y":1.1699999570846558,"z":5.914573669433594},"rotation":{"x":-0.0028553493320941927,"y":-0.6095519065856934,"z":-0.0021955296397209169,"w":0.7927398681640625},"size":0.8921184539794922,"orthographic":false}